{
  "name": "PLAN.IGN",
  "description": "BDUni tuilée",
  "minzoom": 0,
  "maxzoom": 19,
  "crs": "EPSG:3857",
  "center": [1.669922,46.134652],
  "bounds": [-6.503906,40.979898,9.843750,51.289406],
  "format": "pbf",
  "tiles":["https://wxs.ign.fr/choisirgeoportail/geoportail/tms/1.0.0/PLAN.IGN/{z}/{x}/{y}.pbf"],
  "vector_layers": [
      {"id":"parcellaire_section","geometry":"GEOMETRY","maxzoom":"19","minzoom":"19","filedsCount":"2","fields":{"symbo":{"attribute":"symbo","count":"1","type":"text","values":["SECTION"]},"niveau":{"attribute":"niveau","count":"1","type":"text","values":["n0"]}}},
      {"id":"ferre_sup","geometry":"GEOMETRY","maxzoom":"19","minzoom":"11","filedsCount":"3","fields":{"territoire":{"attribute":"territoire","count":"4","type":"character varying","values":["GLP","MTQ","REU","FXX"]},"symbo":{"attribute":"symbo","count":"8","type":"character varying","values":["VF_NON_EXPLOITEE_SUP","VF_ELEC_1_SUP","VF_ETROITE_1_SUP","VF_EN_CONSTR_SUP","VF_1_SUP","TRANSPORT_URBAIN_SUP","VF_SERVICE_SUP","FUNI_CREMAILLERE_SUP"]},"niveau":{"attribute":"niveau","count":"1","type":"text","values":["n0"]}}},
      {"id":"ocs_vegetation_surf","geometry":"GEOMETRY","maxzoom":"19","minzoom":"8","filedsCount":"3","fields":{"territoire":{"attribute":"territoire","count":"7","type":"character varying","values":["MYT","SPM","MTQ","REU","GLP","GUF","FXX"]},"symbo":{"attribute":"symbo","count":"13","type":"character varying","values":["ZONE_LANDE_LIGNEUSE","ZONE_CANNE_BANANE","HOUBLONNIERE","ZONE_VIGNE","ZONE_FORET_OUVERTE","ZONE_FORET_FERMEE_FEUIL","ZONE_BOISEE","ZONE_FORET_FERMEE_CONI","ZONE_MANGROVE","ZONE_FORET_FERMEE_MIXTE","ZONE_MARAIS","ZONE_PEUPLERAIE","ZONE_VERGER"]},"niveau":{"attribute":"niveau","count":"1","type":"text","values":["n0"]}}},
      {"id":"ocs_nature_sol_surf","geometry":"GEOMETRY","maxzoom":"19","minzoom":"11","filedsCount":"3","fields":{"niveau":{"attribute":"niveau","count":"1","type":"text","values":["n0"]},"symbo":{"attribute":"symbo","count":"11","type":"character varying","values":["LAPIAZ","ZONE_ROCHER_HYDRO","ZONE_RAVINEE","GRAVIERS_GALETS_HUM","ZONE_SABLE_HUMIDE","FOND_CUVETTE_HUMIDE","ZONE_ROCHEUSE","RECIF_CORAIL","ZONE_EBOULIS","ZONE_SABLE_SEC","GRAVIERS_GALETS_SEC"]},"territoire":{"attribute":"territoire","count":"6","type":"character varying","values":["MYT","GLP","GUF","REU","MTQ","FXX"]}}},
      {"id":"toponyme_bati_ponc","geometry":"GEOMETRY","maxzoom":"19","minzoom":"11","filedsCount":"6","fields":{"txt_typo":{"attribute":"txt_typo","count":"11","type":"text","values":["TYPO_E_1","TYPO_E_GE","TYPO_A_5","TYPO_C_7","gare","zai","station","TYPO_A_7","TYPO_C_8","TYPO_C_6"]},"niveau":{"attribute":"niveau","count":"1","type":"text","values":["n0"]},"texte":{"attribute":"texte","count":"82866","type":"character varying"},"territoire":{"attribute":"territoire","count":"7","type":"character varying","values":["MYT","SPM","REU","MTQ","GLP","GUF","FXX"]},"symbo":{"attribute":"symbo","count":"10","type":"text","values":["USINE_PRODUCTION_EAU","AEROPORT","AERODROME","ZAI","STATION_EPURATION","PHARE","STATION_METRO","AEROGARE","STATION_DE_POMPAGE","BATI_GARE"]},"designation":{"attribute":"designation","count":"62","type":"text"}}},
      {"id":"fond_opaque","geometry":"GEOMETRY","maxzoom":"19","minzoom":"0","filedsCount":"0","fields":{}},
      {"id":"bati_lin","geometry":"GEOMETRY","maxzoom":"19","minzoom":"11","filedsCount":"3","fields":{"niveau":{"attribute":"niveau","count":"1","type":"text","values":["n0"]},"symbo":{"attribute":"symbo","count":"22","type":"character varying","values":["REMONTEE_MEC","MUR","CABLE","HYDROCARBURES","PECHERIE_LIN","MUR_PARAVALANCHE","PORTIQUE_PORTUAIRE","PISTE_LUGE","PECHE_AU_CARRELET","DIGUE","LIGNE_ELECTRIQUE","MUR_SOUTENEMENT","GRUE_PORTUAIRE","CONDUITE_MATIERES_P","TERRASSE","QUAI","RUINE_LIN","BARRAGE_LIN","PISTE_BOBSLEIGH","PELOTE_BASQ_LIN","MUR_PIERRES_SECHES","SPORT_MONTAGNE_LIN"]},"territoire":{"attribute":"territoire","count":"7","type":"character varying","values":["MYT","SPM","REU","MTQ","GLP","GUF","FXX"]}}},
      {"id":"bati_surf","geometry":"GEOMETRY","maxzoom":"19","minzoom":"13","filedsCount":"5","fields":{"alti_sol":{"attribute":"alti_sol","count":"113661","type":"double precision","min":-100,"max":4359},"niveau":{"attribute":"niveau","count":"1","type":"text","values":["n0"]},"territoire":{"attribute":"territoire","count":"7","type":"character varying","values":["MYT","SPM","REU","MTQ","GLP","GUF","FXX"]},"symbo":{"attribute":"symbo","count":"45","type":"character varying","values":["CHAPELLE_SURF","SILO_SURF","CIMETIERE_SURF","MAIRIE_ANNEXE","BATI_COMMERCIAL","NECROPOLE_NATIONALE","BARRAGE_SURF","SYNAGOGUE_SURF","POSTE_ELEC_SURF","CHATEAU_EAU_SURF","PECHERIE_SURF","TENNIS_SURF","PISTE_SPORT_SURF","NATATION_SURF","PISTE_HERBE","BATI_INDUSTRIEL","ARENE_THEATRE","FORTIF_SURF","BATI_SPORTIF","MOSQUEE_SURF","MAIRIE","HANGAR_COMMERCIAL","TOUR_MOULIN_SURF","SERRE_SURF","PISTE_DUR","MULTI_SPORT_SURF","MONUMENT_SURF","BATI_QQUE","RESERVOIR_INDUS_SURF","HANGAR_INDUSTRIEL","ARC_TRIOMPHE_SURF","EGLISE_SURF","HANGAR","BATI_PUBLIC","HANGAR_PUBLIC","CHRETIEN_SURF","CIMETIERE_MILI_SURF","SPORT_INDIF_SURF","ECLUSE_SURF","AUTRE_CULTE_SURF","CHATEAU_SURF","RESERVOIR_EAU_SURF","BATI_GARE","BATI_PEAGE","FOOT_SURF"]},"hauteur":{"attribute":"hauteur","count":"4559","type":"double precision","min":-0.2,"max":286.4}}},
      {"id":"routier_surf","geometry":"GEOMETRY","maxzoom":"19","minzoom":"14","filedsCount":"3","fields":{"niveau":{"attribute":"niveau","count":"1","type":"text","values":["n0"]},"territoire":{"attribute":"territoire","count":"7","type":"character varying","values":["MYT","SPM","MTQ","REU","GLP","GUF","FXX"]},"symbo":{"attribute":"symbo","count":"6","type":"character varying","values":["DALLE_URBAINE","PARKING_SURF","CARREFOUR","SURF_PEAGE","ESCALIER_SURF","DALLE_DE_PROTECTION"]}}},
      {"id":"hydro_surf","geometry":"GEOMETRY","maxzoom":"19","minzoom":"0","filedsCount":"4","fields":{"symbo":{"attribute":"symbo","count":"6","type":"character varying","values":["ZONE_D_ESTRAN","BASSIN","ZONE_MARINE","SURFACE_D_EAU","SURFACE_D_EAU_TEMP","SURFACE_D_EAU_SOU"]},"territoire":{"attribute":"territoire","count":"7","type":"character varying","values":["MYT","SPM","REU","MTQ","GLP","GUF","FXX"]},"toponyme":{"attribute":"toponyme","count":"15279","type":"character varying"},"niveau":{"attribute":"niveau","count":"1","type":"text","values":["n1"]}}},
      {"id":"limite_lin","geometry":"GEOMETRY","maxzoom":"19","minzoom":"0","filedsCount":"3","fields":{"niveau":{"attribute":"niveau","count":"1","type":"text","values":["n0"]},"symbo":{"attribute":"symbo","count":"20","type":"character varying","values":["LIM_ENCEINTE_MILITAIRE","LAYON","FORET_DOMANIALE","ZONE_SILENCE","LIM_DEPARTEMENT","CLOTURE","ZONE_PROTEGEE","LIM_ZONE_NATURELLE","ZONE_PERI_PARC","TRANCHEE","LIM_PARC_NATUREL","LIM_COMMUNE","PARCELLE_FORESTIERE","LIM_ETAT","LIM_CHAMP_TIR","LIM_ZONE_REGLEMENTEE","LIM_PARC_NATUREL_MARIN","LIM_RESERVE_NATURELLE","LIM_ARRONDISSEMENT","LIM_REGION"]},"territoire":{"attribute":"territoire","count":"6","type":"character varying","values":["MYT","GLP","GUF","MTQ","REU","FXX"]}}},
      {"id":"routier_route_sup","geometry":"GEOMETRY","maxzoom":"19","minzoom":"8","filedsCount":"6","fields":{"fictif":{"attribute":"fictif","count":"2","type":"boolean","values":["0","1"]},"symbo":{"attribute":"symbo","count":"26","type":"character varying","values":["LOCALE_4_SUP","BRET_AUTO_PEAGE_2_SUP","NON_REVETUE_CARRO_SUP","AUTOROU_CONSTR_SUP","AUTOROU_PEAGE_SUP","REGIONALE_1_SUP","REGIONALE_3_SUP","REGIONALE_CONSTR_SUP","PRINCIPALE_2_SUP","LOCALE_2_SUP","BRET_AUTO_PEAGE_3_SUP","REGIONALE_4_SUP","REGIONALE_2_SUP","PRINCIPALE_CONSTR_SUP","NON_CLASSEE_SUP","BRET_AUTO_LIBRE_1_SUP","AUTOROU_LIBRE_SUP","PRINCIPALE_1_SUP","NON_CLASSEE_RESTREINT_SUP","LOCALE_3_SUP","BRET_AUTO_PEAGE_1_SUP","NON_CLASSEE_4_SUP","PRINCIPALE_3_SUP","LOCALE_CONSTR_SUP","PRINCIPALE_4_SUP","LOCALE_1_SUP"]},"territoire":{"attribute":"territoire","count":"7","type":"character varying","values":["MYT","SPM","MTQ","REU","GLP","GUF","FXX"]},"sens_circu":{"attribute":"sens_circu","count":"5","type":"character varying","values":["Double sens","Sens direct","Sens inverse","Sans objet"]},"rond_point":{"attribute":"rond_point","count":"2","type":"boolean","values":["0","1"]},"niveau":{"attribute":"niveau","count":"1","type":"text","values":["n0"]}}},
      {"id":"routier_route","geometry":"GEOMETRY","maxzoom":"19","minzoom":"4","filedsCount":"7","fields":{"terminaison":{"attribute":"terminaison","count":"2","type":"text","values":["round","butt"]},"sens_circu":{"attribute":"sens_circu","count":"5","type":"character varying","values":["Double sens","Sens direct","Sens inverse","Sans objet"]},"symbo":{"attribute":"symbo","count":"27","type":"character varying","values":["NON_CLASSEE_RESTREINT","PRINCIPALE_3","LOCALE_2","AUTOROU_PEAGE","REGIONALE_2","NON_CLASSEE","PRINCIPALE_2","PRINCIPALE_CONSTR","BRET_AUTO_PEAGE_1","LOCALE_CONSTR","LOCALE_4","AUTOROU_LIBRE","NON_REVETUE_CARRO","REGIONALE_3","REGIONALE_4","BRET_AUTO_PEAGE_2","AUTOROU_CONSTR","LOCALE_3","REGIONALE_1","LOCALE_1","BRET_AUTO_PEAGE_3","BRET_AUTO_LIBRE_1","REGIONALE_CONSTR","NON_CLASSEE_4","PRINCIPALE_1","PRINCIPALE_4"]},"territoire":{"attribute":"territoire","count":"7","type":"character varying","values":["MYT","SPM","REU","MTQ","GLP","GUF","FXX"]},"fictif":{"attribute":"fictif","count":"2","type":"boolean","values":["0","1"]},"rond_point":{"attribute":"rond_point","count":"2","type":"boolean","values":["0","1"]},"niveau":{"attribute":"niveau","count":"1","type":"text","values":["n0"]}}},
      {"id":"routier_liaison","geometry":"GEOMETRY","maxzoom":"19","minzoom":"8","filedsCount":"3","fields":{"niveau":{"attribute":"niveau","count":"1","type":"text","values":["n0"]},"territoire":{"attribute":"territoire","count":"7","type":"character varying","values":["MYT","SPM","REU","MTQ","GLP","GUF","FXX"]},"symbo":{"attribute":"symbo","count":"8","type":"character varying","values":["GUE_ROUTE","BAC_LIAISON_MARITIME","PONT_MOBILE_LIN","VIADUC","PONT_LIN","PONT_PASSERELLE","AQUEDUC","GUE_CHEMIN"]}}},
      {"id":"toponyme_ocs_ponc","geometry":"GEOMETRY","maxzoom":"19","minzoom":"11","filedsCount":"6","fields":{"niveau":{"attribute":"niveau","count":"1","type":"text","values":["n0"]},"txt_typo":{"attribute":"txt_typo","count":"19","type":"character varying","values":["TYPO_B_11","TYPO_B_10","TYPO_F_2","TYPO_B_4","TYPO_F_9","TYPO_E_GE","TYPO_F_11","TYPO_F_5","TYPO_F_3","TYPO_B_5","TYPO_F_7","TYPO_E_GE_vert","TYPO_B_9","TYPO_B_7","TYPO_B_8","TYPO_F_10","TYPO_F_4","TYPO_F_8"]},"texte":{"attribute":"texte","count":"289803","type":"text"},"rotation":{"attribute":"rotation","count":"1","type":"integer","min":0,"max":0},"territoire":{"attribute":"territoire","count":"7","type":"character varying","values":["MYT","SPM","MTQ","REU","GLP","GUF","FXX"]},"symbo":{"attribute":"symbo","count":"2","type":"character varying","values":["BOIS","LIEU-DIT_NON_HABITE"]}}},
      {"id":"toponyme_hydro_ponc","geometry":"GEOMETRY","maxzoom":"19","minzoom":"0","filedsCount":"5","fields":{"symbo":{"attribute":"symbo","count":"14","type":"character varying","values":["POINT_D_EAU","PERTE","SOURCE","PLAN_D_EAU","ESPACE_MARITIME","BAIE","EMBOUCHURE","TOURBIERE","SOURCE_CAPTEE","RESURGENCE","FONTAINE","CASCADE","BANC","MARAIS"]},"territoire":{"attribute":"territoire","count":"7","type":"character varying","values":["MYT","SPM","MTQ","REU","GLP","GUF","FXX"]},"niveau":{"attribute":"niveau","count":"1","type":"text","values":["n0"]},"txt_typo":{"attribute":"txt_typo","count":"13","type":"character varying","values":["TYPO_D_1","TYPO_D_10","TYPO_D_4","TYPO_E_GE_cyan","TYPO_D_8","TYPO_D_2","TYPO_D_9","TYPO_D_6","TYPO_D_7","TYPO_E_1_cyan","TYPO_D_5","TYPO_D_3"]},"texte":{"attribute":"texte","count":"30640","type":"character varying"}}},
      {"id":"hydro_reseau_sup","geometry":"GEOMETRY","maxzoom":"19","minzoom":"11","filedsCount":"3","fields":{"symbo":{"attribute":"symbo","count":"2","type":"character varying","values":["AQUEDUC_SUP","CANAL_SUP"]},"territoire":{"attribute":"territoire","count":"4","type":"character varying","values":["GUF","MTQ","REU","FXX"]},"niveau":{"attribute":"niveau","count":"1","type":"text","values":["n0"]}}},
      {"id":"toponyme_parcellaire_parcelle","geometry":"GEOMETRY","maxzoom":"19","minzoom":"19","filedsCount":"3","fields":{"niveau":{"attribute":"niveau","count":"1","type":"text","values":["n0"]},"txt_typo":{"attribute":"txt_typo","count":"1","type":"text","values":["PARCELLE"]},"texte":{"attribute":"texte","count":"9806","type":"character varying(4)"}}},
      {"id":"routier_ponc","geometry":"GEOMETRY","maxzoom":"19","minzoom":"8","filedsCount":"4","fields":{"rotation":{"attribute":"rotation","count":"1","type":"integer","min":0,"max":0},"niveau":{"attribute":"niveau","count":"1","type":"text","values":["n0"]},"territoire":{"attribute":"territoire","count":"7","type":"character varying","values":["MYT","SPM","MTQ","REU","GLP","GUF","FXX"]},"symbo":{"attribute":"symbo","count":"1","type":"character varying","values":["BARRIERE"]}}},
      {"id":"routier_chemin","geometry":"GEOMETRY","maxzoom":"19","minzoom":"12","filedsCount":"4","fields":{"niveau":{"attribute":"niveau","count":"1","type":"text","values":["n0"]},"sens_circu":{"attribute":"sens_circu","count":"5","type":"character varying","values":["Double sens","Sens direct","Sens inverse","Sans objet"]},"territoire":{"attribute":"territoire","count":"7","type":"character varying","values":["MYT","SPM","MTQ","REU","GLP","GUF","FXX"]},"symbo":{"attribute":"symbo","count":"6","type":"character varying","values":["SENTIER_FICTIF","PISTE_CYCLABLE","ESCALIER","CHEMIN","RUE_PIETONNE","SENTIER"]}}},
      {"id":"toponyme_oro_ponc","geometry":"GEOMETRY","maxzoom":"19","minzoom":"4","filedsCount":"5","fields":{"texte":{"attribute":"texte","count":"114034","type":"character varying"},"rotation":{"attribute":"rotation","count":"1","type":"integer","min":0,"max":0},"niveau":{"attribute":"niveau","count":"1","type":"text","values":["n0"]},"txt_typo":{"attribute":"txt_typo","count":"11","type":"character varying","values":["TYPO_G_6","TYPO_G_7","TYPO_G_4","TYPO_G_9","TYPO_G_8","TYPO_G_2","TYPO_G_1","TYPO_G_10","TYPO_G_3","TYPO_E_GE_marron"]},"territoire":{"attribute":"territoire","count":"7","type":"character varying","values":["MYT","SPM","MTQ","REU","GLP","GUF","FXX"]}}},
      {"id":"ferre","geometry":"GEOMETRY","maxzoom":"19","minzoom":"8","filedsCount":"3","fields":{"niveau":{"attribute":"niveau","count":"1","type":"text","values":["n0"]},"symbo":{"attribute":"symbo","count":"15","type":"character varying","values":["VF_NON_EXPLOITEE","VF_4","VF_SERVICE","FUNI_CREMAILLERE","VF_1","VF_EN_CONSTR","VF_ETROITE_1","TRANSPORT_URBAIN","VF_3","VF_ETROITE_2","VF_2","VF_ELEC_2","VF_ELEC_1","VF_ELEC_3","VF_ELEC_4"]},"territoire":{"attribute":"territoire","count":"5","type":"character varying","values":["GLP","GUF","MTQ","REU","FXX"]}}},
      {"id":"oro_ponc","geometry":"GEOMETRY","maxzoom":"19","minzoom":"11","filedsCount":"4","fields":{"symbo":{"attribute":"symbo","count":"6","type":"character varying","values":["POINT_COTE","CAVE","BLOC_ROCHEUX_ISOLE","AVEN","GOUFFRE","GROTTE"]},"territoire":{"attribute":"territoire","count":"5","type":"character varying","values":["GLP","GUF","MTQ","REU","FXX"]},"niveau":{"attribute":"niveau","count":"1","type":"text","values":["n0"]},"texte":{"attribute":"texte","count":"6309","type":"character varying"}}},
      {"id":"bati_zai","geometry":"GEOMETRY","maxzoom":"19","minzoom":"14","filedsCount":"3","fields":{"territoire":{"attribute":"territoire","count":"7","type":"character varying","values":["MYT","SPM","REU","MTQ","GLP","GUF","FXX"]},"nature":{"attribute":"nature","count":"35","type":"character varying","values":["Sous-préfecture","Caserne de pompiers","Piscine","Enseignement primaire","Administration centrale de l'Etat","Police","Etablissement extraterritorial","Siège d'EPCI","Etablissement pénitentiaire","Maison du parc","Poste","Hôtel de département","Musée","Etablissement hospitalier","Université","Lycée","Enseignement supérieur","Préfecture de région","Autre service déconcentré de l'Etat","Préfecture","Collège","Office de tourisme","Capitainerie","Hôpital","Caserne","Etablissement thermal","Hôtel de région","Structure d'accueil pour personnes handicapées","Mairie","Gendarmerie","Science","Divers public ou administratif","Palais de justice","Autre établissement d'enseignement","Maison de retraite"]},"niveau":{"attribute":"niveau","count":"1","type":"text","values":["n0"]}}},
      {"id":"parcellaire_parcelle","geometry":"GEOMETRY","maxzoom":"19","minzoom":"19","filedsCount":"2","fields":{"symbo":{"attribute":"symbo","count":"1","type":"text","values":["PARCELLE"]},"niveau":{"attribute":"niveau","count":"1","type":"text","values":["n0"]}}},
      {"id":"hydro_reseau","geometry":"GEOMETRY","maxzoom":"19","minzoom":"0","filedsCount":"4","fields":{"niveau":{"attribute":"niveau","count":"1","type":"text","values":["n0"]},"territoire":{"attribute":"territoire","count":"7","type":"character varying","values":["MYT","SPM","REU","MTQ","GLP","GUF","FXX"]},"symbo":{"attribute":"symbo","count":"4","type":"character varying","values":["COURS_D_EAU_TEMP","AQUEDUC_AU_SOL","COURS_D_EAU","CANAL"]},"toponyme":{"attribute":"toponyme","count":"59570","type":"character varying"}}},
      {"id":"hydro_reseau_sou","geometry":"GEOMETRY","maxzoom":"19","minzoom":"11","filedsCount":"3","fields":{"niveau":{"attribute":"niveau","count":"1","type":"text","values":["n0"]},"territoire":{"attribute":"territoire","count":"6","type":"character varying","values":["MYT","GLP","GUF","MTQ","REU","FXX"]},"symbo":{"attribute":"symbo","count":"2","type":"character varying","values":["COURS_D_EAU_SOU","AQUEDUC_SOU"]}}},
      {"id":"hydro_ponc","geometry":"GEOMETRY","maxzoom":"19","minzoom":"11","filedsCount":"3","fields":{"symbo":{"attribute":"symbo","count":"7","type":"character varying","values":["SOURCE_CAPTEE","RESURGENCE","POINT_D_EAU","PERTE","FONTAINE","SOURCE","CASCADE"]},"territoire":{"attribute":"territoire","count":"7","type":"character varying","values":["MYT","SPM","MTQ","REU","GLP","GUF","FXX"]},"niveau":{"attribute":"niveau","count":"1","type":"text","values":["n0"]}}},
      {"id":"toponyme_routier_odonyme_lin","geometry":"GEOMETRY","maxzoom":"19","minzoom":"16","filedsCount":"4","fields":{"nom_gauche":{"attribute":"nom_gauche","count":"999459","type":"character varying"},"territoire":{"attribute":"territoire","count":"7","type":"character varying","values":["MYT","SPM","REU","MTQ","GLP","GUF","FXX"]},"nom_desabrege":{"attribute":"nom_desabrege","count":"998271","type":"text"},"niveau":{"attribute":"niveau","count":"1","type":"text","values":["n0"]}}},
      {"id":"routier_chemin_sup","geometry":"GEOMETRY","maxzoom":"19","minzoom":"12","filedsCount":"4","fields":{"niveau":{"attribute":"niveau","count":"1","type":"text","values":["n0"]},"symbo":{"attribute":"symbo","count":"6","type":"character varying","values":["RUE_PIETONNE_SUP","SENTIER_FICTIF_SUP","PISTE_CYCLABLE_SUP","SENTIER_SUP","CHEMIN_SUP","ESCALIER_SUP"]},"territoire":{"attribute":"territoire","count":"7","type":"character varying","values":["MYT","SPM","MTQ","REU","GLP","GUF","FXX"]},"sens_circu":{"attribute":"sens_circu","count":"5","type":"character varying","values":["Double sens","Sens direct","Sens inverse","Sans objet"]}}},
      {"id":"toponyme_hydro_lin","geometry":"GEOMETRY","maxzoom":"19","minzoom":"8","filedsCount":"4","fields":{"texte":{"attribute":"texte","count":"60523","type":"character varying"},"niveau":{"attribute":"niveau","count":"1","type":"text","values":["n0"]},"txt_typo":{"attribute":"txt_typo","count":"6","type":"character varying","values":["TYPO_D_9","TYPO_D_6","TYPO_D_10","TYPO_D_5","TYPO_D_3","TYPO_D_8"]},"territoire":{"attribute":"territoire","count":"7","type":"character varying","values":["MYT","SPM","REU","MTQ","GLP","GUF","FXX"]}}},
      {"id":"bati_ponc","geometry":"GEOMETRY","maxzoom":"19","minzoom":"4","filedsCount":"3","fields":{"niveau":{"attribute":"niveau","count":"1","type":"text","values":["n0"]},"territoire":{"attribute":"territoire","count":"7","type":"character varying","values":["MYT","SPM","REU","MTQ","GLP","GUF","FXX"]},"symbo":{"attribute":"symbo","count":"62","type":"character varying"}}},
      {"id":"toponyme_parcellaire_section","geometry":"GEOMETRY","maxzoom":"19","minzoom":"19","filedsCount":"3","fields":{"texte":{"attribute":"texte","count":"689","type":"character varying(2)"},"txt_typo":{"attribute":"txt_typo","count":"1","type":"text","values":["SECTION"]},"niveau":{"attribute":"niveau","count":"1","type":"text","values":["n0"]}}},
      {"id":"toponyme_parcellaire_adresse_ponc","geometry":"GEOMETRY","maxzoom":"19","minzoom":"19","filedsCount":"4","fields":{"niveau":{"attribute":"niveau","count":"1","type":"text","values":["n0"]},"indice_de_repetition":{"attribute":"indice_de_repetition","count":"82","type":"character varying(9)"},"txt_typo":{"attribute":"txt_typo","count":"1","type":"text","values":["ADRESSE"]},"numero":{"attribute":"numero","count":"8650","type":"integer","min":0,"max":10213}}},
      {"id":"ocs_lin","geometry":"GEOMETRY","maxzoom":"19","minzoom":"14","filedsCount":"3","fields":{"niveau":{"attribute":"niveau","count":"1","type":"text","values":["n0"]},"territoire":{"attribute":"territoire","count":"6","type":"character varying","values":["MYT","GLP","GUF","MTQ","REU","FXX"]},"symbo":{"attribute":"symbo","count":"4","type":"character varying","values":["CREVASSE","BARRE_ROCH_ISOLEE","COULEE_EBOULIS","LIGNE_DESC_ZONE_ROCHEUSE"]}}},
      {"id":"toponyme_routier_numero_lin","geometry":"GEOMETRY","maxzoom":"19","minzoom":"8","filedsCount":"4","fields":{"territoire":{"attribute":"territoire","count":"7","type":"character varying","values":["MYT","SPM","REU","MTQ","GLP","GUF","FXX"]},"niveau":{"attribute":"niveau","count":"1","type":"text","values":["n0"]},"txt_typo":{"attribute":"txt_typo","count":"4","type":"text","values":["Nationale","Départementale","Autoroute","NC"]},"texte":{"attribute":"texte","count":"8574","type":"character varying"}}},
      {"id":"ferre_sou","geometry":"GEOMETRY","maxzoom":"19","minzoom":"11","filedsCount":"3","fields":{"niveau":{"attribute":"niveau","count":"1","type":"text","values":["n0"]},"territoire":{"attribute":"territoire","count":"2","type":"character varying","values":["REU","FXX"]},"symbo":{"attribute":"symbo","count":"7","type":"character varying","values":["VF_NON_EXPLOITEE_SOU","TRANSPORT_URBAIN_SOU","VF_ETROITE_1_SOU","VF_1_SOU","VF_SERVICE_SOU","FUNI_CREMAILLERE_SOU","VF_ELEC_1_SOU"]}}},
      {"id":"toponyme_routier_borne","geometry":"GEOMETRY","maxzoom":"19","minzoom":"18","filedsCount":"5","fields":{"niveau":{"attribute":"niveau","count":"1","type":"text","values":["n1"]},"borne_sur":{"attribute":"borne_sur","count":"14332","type":"character varying"},"borne_sous":{"attribute":"borne_sous","count":"14498","type":"character varying"},"territoire":{"attribute":"territoire","count":"7","type":"character varying","values":["MYT","SPM","REU","MTQ","GLP","GUF","FXX"]},"symbo":{"attribute":"symbo","count":"61","type":"character varying"}}},
      {"id":"toponyme_localite_ponc","geometry":"GEOMETRY","maxzoom":"19","minzoom":"0","filedsCount":"5","fields":{"territoire":{"attribute":"territoire","count":"7","type":"character varying","values":["MYT","SPM","REU","MTQ","GLP","GUF","FXX"]},"symbo":{"attribute":"symbo","count":"4","type":"character varying","values":["LIEU-DIT-HABITE","QUARTIER","COMMUNE_FUSIONNEE","COMMUNE_CHEF_LIEU"]},"texte":{"attribute":"texte","count":"566334","type":"character varying"},"niveau":{"attribute":"niveau","count":"1","type":"text","values":["n0"]},"txt_typo":{"attribute":"txt_typo","count":"11","type":"character varying","values":["TYPO_A_6","TYPO_A_10","TYPO_E_GE","TYPO_A_8","TYPO_A_2","TYPO_A_9","TYPO_A_7","TYPO_A_4","TYPO_A_3","TYPO_A_1"]}}},
      {"id":"hydro_laisse","geometry":"GEOMETRY","maxzoom":"19","minzoom":"13","filedsCount":"3","fields":{"niveau":{"attribute":"niveau","count":"1","type":"text","values":["n0"]},"symbo":{"attribute":"symbo","count":"2","type":"character varying","values":["LAISSE_BASSES_MERS","LAISSE_HAUTES_MERS"]},"territoire":{"attribute":"territoire","count":"7","type":"character varying","values":["MYT","SPM","REU","MTQ","GLP","GUF","FXX"]}}},
      {"id":"oro_courbe","geometry":"GEOMETRY","maxzoom":"19","minzoom":"11","filedsCount":"5","fields":{"texte":{"attribute":"texte","count":"76","type":"text"},"hors_zone":{"attribute":"hors_zone","count":"3","type":"boolean","values":["0","1"]},"niveau":{"attribute":"niveau","count":"1","type":"text","values":["n0"]},"symbo":{"attribute":"symbo","count":"4","type":"character varying","values":["CNV_GLACIER_NORMALE","CNV_GLACIER_MAITRESSE","CNV_NORMALE","CNV_MAITRESSE"]},"territoire":{"attribute":"territoire","count":"6","type":"text","values":["MYT","GLP","GUF","REU","MTQ","FXX"]}}},
      {"id":"routier_route_sou","geometry":"GEOMETRY","maxzoom":"19","minzoom":"8","filedsCount":"6","fields":{"sens_circu":{"attribute":"sens_circu","count":"3","type":"character varying","values":["Double sens","Sens direct","Sens inverse"]},"symbo":{"attribute":"symbo","count":"25","type":"character varying","values":["LOCALE_2_SOU","REGIONALE_1_SOU","BRET_AUTO_PEAGE_2_SOU","AUTOROU_CONSTR_SOU","NON_REVETUE_CARRO_SOU","BRET_AUTO_PEAGE_1_SOU","AUTOROU_LIBRE_SOU","BRET_AUTO_LIBRE_1_SOU","NON_CLASSEE_RESTREINT_SOU","LOCALE_3_SOU","PRINCIPALE_CONSTR_SOU","AUTOROU_PEAGE_SOU","LOCALE_1_SOU","PRINCIPALE_3_SOU","LOCALE_CONSTR_SOU","NON_CLASSEE_4_SOU","REGIONALE_2_SOU","REGIONALE_CONSTR_SOU","NON_CLASSEE_SOU","REGIONALE_4_SOU","LOCALE_4_SOU","PRINCIPALE_4_SOU","REGIONALE_3_SOU","PRINCIPALE_2_SOU","PRINCIPALE_1_SOU"]},"territoire":{"attribute":"territoire","count":"4","type":"character varying","values":["GLP","MTQ","REU","FXX"]},"fictif":{"attribute":"fictif","count":"2","type":"boolean","values":["0","1"]},"rond_point":{"attribute":"rond_point","count":"1","type":"boolean","values":["0"]},"niveau":{"attribute":"niveau","count":"1","type":"text","values":["n0"]}}},
      {"id":"routier_chemin_sou","geometry":"GEOMETRY","maxzoom":"19","minzoom":"12","filedsCount":"4","fields":{"territoire":{"attribute":"territoire","count":"5","type":"character varying","values":["GLP","GUF","MTQ","REU","FXX"]},"sens_circu":{"attribute":"sens_circu","count":"4","type":"character varying","values":["Sans objet","Double sens","Sens direct"]},"symbo":{"attribute":"symbo","count":"5","type":"character varying","values":["ESCALIER_SOU","SENTIER_SOU","RUE_PIETONNE_SOU","CHEMIN_SOU","PISTE_CYCLABLE_SOU"]},"niveau":{"attribute":"niveau","count":"1","type":"text","values":["n0"]}}},
      {"id":"oro_lin","geometry":"GEOMETRY","maxzoom":"19","minzoom":"14","filedsCount":"3","fields":{"symbo":{"attribute":"symbo","count":"3","type":"character varying","values":["TALUS","CARRIERE_LIN","LEVEE"]},"territoire":{"attribute":"territoire","count":"7","type":"character varying","values":["MYT","SPM","MTQ","REU","GLP","GUF","FXX"]},"niveau":{"attribute":"niveau","count":"1","type":"text","values":["n0"]}}},
      {"id":"bati_zone_surf","geometry":"GEOMETRY","maxzoom":"19","minzoom":"4","filedsCount":"3","fields":{"symbo":{"attribute":"symbo","count":"1","type":"text","values":["ZONE_BATI"]},"territoire":{"attribute":"territoire","count":"7","type":"character varying","values":["MYT","SPM","REU","MTQ","GLP","GUF","FXX"]},"niveau":{"attribute":"niveau","count":"1","type":"text","values":["n1"]}}},
      {"id":"toponyme_routier_liaison_lin","geometry":"GEOMETRY","maxzoom":"19","minzoom":"8","filedsCount":"4","fields":{"territoire":{"attribute":"territoire","count":"1","type":"text","values":["FXX"]},"txt_typo":{"attribute":"txt_typo","count":"1","type":"character varying(255)","values":["LIAISON_MARITIME"]},"niveau":{"attribute":"niveau","count":"1","type":"text","values":["n10"]},"texte":{"attribute":"texte","count":"60","type":"text"}}},
      {"id":"limite_ponc","geometry":"GEOMETRY","maxzoom":"19","minzoom":"11","filedsCount":"3","fields":{"niveau":{"attribute":"niveau","count":"1","type":"text","values":["n10"]},"territoire":{"attribute":"territoire","count":"1","type":"text","values":["FXX"]},"symbo":{"attribute":"symbo","count":"1","type":"character varying(255)","values":["RESERVE_NATURELLE"]}}},
      {"id":"toponyme_oro_lin","geometry":"GEOMETRY","maxzoom":"19","minzoom":"11","filedsCount":"4","fields":{"territoire":{"attribute":"territoire","count":"1","type":"text","values":["FXX"]},"txt_typo":{"attribute":"txt_typo","count":"8","type":"character varying(255)","values":["ORO_RELIEF_4","ORO_RELIEF_3","ORO_RELIEF_3_T","ORO_RELIEF_4_T","ORO_RELIEF_2_T","ORO_RELIEF_1","ORO_RELIEF_1_T","ORO_RELIEF_2"]},"niveau":{"attribute":"niveau","count":"1","type":"text","values":["n10"]},"texte":{"attribute":"texte","count":"1653","type":"text"}}},
      {"id":"toponyme_limite_ponc","geometry":"GEOMETRY","maxzoom":"19","minzoom":"8","filedsCount":"4","fields":{"territoire":{"attribute":"territoire","count":"1","type":"text","values":["FXX"]},"texte":{"attribute":"texte","count":"439","type":"text"},"txt_typo":{"attribute":"txt_typo","count":"8","type":"character varying(255)","values":["LIM_PARC_4","LIM_MILI_1","LIM_PARC_2","LIM_MILI_4","LIM_MILI_2","LIM_PARC_3","LIM_MILI_3","LIM_PARC_1"]},"niveau":{"attribute":"niveau","count":"1","type":"text","values":["n10"]}}},
      {"id":"toponyme_ocs_lin","geometry":"GEOMETRY","maxzoom":"19","minzoom":"11","filedsCount":"4","fields":{"niveau":{"attribute":"niveau","count":"1","type":"text","values":["n10"]},"txt_typo":{"attribute":"txt_typo","count":"3","type":"character varying(255)","values":["OCS_FORET_2","OCS_FORET_1","OCS_FORET_3"]},"texte":{"attribute":"texte","count":"1654","type":"text"},"territoire":{"attribute":"territoire","count":"1","type":"text","values":["FXX"]}}},
      {"id":"toponyme_ferre_lin","geometry":"GEOMETRY","maxzoom":"19","minzoom":"11","filedsCount":"4","fields":{"txt_typo":{"attribute":"txt_typo","count":"3","type":"character varying(255)","values":["FER_NOM","FER_OUVRAGE","FER_NOM_T"]},"niveau":{"attribute":"niveau","count":"1","type":"text","values":["n10"]},"texte":{"attribute":"texte","count":"138","type":"text"},"territoire":{"attribute":"territoire","count":"1","type":"text","values":["FXX"]}}},
      {"id":"oro_relief","geometry":"GEOMETRY","maxzoom":"19","minzoom":"0","filedsCount":"3","fields":{"territoire":{"attribute":"territoire","count":"1","type":"text","values":["WLD"]},"symbo":{"attribute":"symbo","count":"8","type":"text","values":["HYPSO_4000","HYPSO_3000","HYPSO_100","GLACIER","HYPSO_0","HYPSO_1000","HYPSO_200","HYPSO_5000"]},"niveau":{"attribute":"niveau","count":"1","type":"text","values":["n99"]}}}
  ]
}
